Year,Month,Tin,Tout
1880,1,7.6122855,3.136948
1880,2,2.7422857,-1.140974
1880,3,1.3154285,-1.7904605
1880,4,1.1528571,-0.62999999
1880,5,2.186,1.1138562
1880,6,0.43257142,0.54098038
1880,7,-0.38514285,-0.59294116
1880,8,-0.086857141,-0.61281044
1880,9,-1.6928571,-0.81718952
1880,10,-1.082,-1.8753594
1880,11,-4.4285713,-5.4797384
1880,12,-2.3765714,-2.6788235
1881,1,-2.2391428,-2.5908496
1881,2,-0.69971427,-0.86371793
1881,3,-1.594,-0.16153846
1881,4,-1.3308571,0.3576282
1881,5,2.1348571,1.5260256
1881,6,1.4991428,0.35775509
1881,7,1.6008571,0.20205128
1881,8,2.204,0.26846153
1881,9,2.0942857,-0.32730768
1881,10,2.9037142,-1.1234615
1881,11,0.16085714,-1.7577564
1881,12,3.1179999,2.2890384
1882,1,3.0882856,-0.090064101
1882,2,4.8614285,0.45544871
1882,3,3.0988571,0.099038459
1882,4,1.3037143,-0.70465407
1882,5,-1.3985714,-1.4683333
1882,6,0.65142856,-0.22056603
1882,7,-1.2448571,-0.75591193
1882,8,-0.7062857,0.16326923
1882,9,-0.60942856,-0.37653845
1882,10,2.4908571,-0.67730768
1882,11,0.23257142,-1.3915384
1882,12,-1.0565714,-0.44243589
1883,1,-0.38514285,-3.1358598
1883,2,1.4282857,-3.4991082
1883,3,-1.0294285,-0.12025477
1883,4,0.69457141,-1.0011321
1883,5,-0.80057141,-1.2211949
1883,6,0.41599999,0.5607547
1883,7,0.25171428,-0.48866241
1883,8,-0.72285713,-0.52825805
1883,9,-0.92285712,-0.60025156
1883,10,1.6802857,-2.4836477
1883,11,1.182,-0.35270967
1883,12,1.8471428,-0.092516127
1884,1,-3.3285714,-2.0680254
1884,2,2.0454285,-2.6026751
1884,3,0.81942855,-0.86318469
1884,4,-1.1194285,-1.0811875
1884,5,0.22685714,-0.031624999
1884,6,-0.72457141,0.16725
1884,7,0.14885714,-1.1055625
1884,8,-0.92571427,-0.66849999
1884,9,1.6614285,-0.55424999
1884,10,2.2228571,0.12
1884,11,-0.48514285,-0.11443038
1884,12,-0.67171427,-2.7213923
1885,1,-1.6805714,-1.9239375
1885,2,-3.2859999,-2.111656
1885,3,-2.2014285,-0.216
1885,4,0.27057142,0.5187261
1885,5,-0.79057141,-0.23535031
1885,6,0.34399999,-0.65745221
1885,7,0.41599999,-0.1234375
1885,8,-0.34999999,-0.90287498
1885,9,-0.44885713,-0.34611464
1885,10,-2.1805714,-0.98949042
1885,11,0.0097142855,1.0003846
1885,12,-0.18057142,1.4110256
1886,1,-3.7925713,-2.8086708
1886,2,-1.3788571,0.73955973
1886,3,-0.69142856,-0.98301885
1886,4,0.28799999,0.42056603
1886,5,0.91485712,1.708805
1886,6,-0.4322857,0.32672955
1886,7,-0.35142856,0.85632909
1886,8,0.27685714,0.66670885
1886,9,0.74485713,-0.45215189
1886,10,0.18228571,-0.22082278
1886,11,-0.8062857,-2.1596835
1886,12,-2.5897142,-0.73367087
1887,1,-0.82771427,-0.7463291
1887,2,3.6622856,-2.8459493
1887,3,0.61685713,1.160443
1887,4,0.43085713,0.17360759
1887,5,1.69,1.8074375
1887,6,0.27914285,0.60212499
1887,7,0.76085713,0.42012499
1887,8,0.12,-0.79762498
1887,9,0.080285712,-0.15207547
1887,10,-1.4234285,-1.3993125
1887,11,-0.29457142,-0.076645568
1887,12,-1.1231428,-1.3336709
1888,1,-0.41914285,-4.022848
1888,2,1.1834285,0.50968353
1888,3,-1.2142857,-2.3446835
1888,4,1.2708571,1.5515625
1888,5,-0.5562857,-0.74868748
1888,6,-0.074857141,0.31354037
1888,7,0.6362857,0.068136644
1888,8,-0.21885714,-0.2547826
1888,9,-1.7271428,0.4763975
1888,10,-1.4594285,-0.83540879
1888,11,0.18542857,-0.26136645
1888,12,0.20028571,1.5186956
1889,1,1.6182857,-0.051677017
1889,2,-1.0117143,-2.1426086
1889,3,0.55742856,2.3025465
1889,4,0.65685713,1.8988819
1889,5,-0.68485713,0.22180124
1889,6,-1.4208571,0.090496892
1889,7,-0.25571428,0.079068321
1889,8,-1.3788571,0.093602482
1889,9,-1.3751428,-0.98559004
1889,10,-1.3582857,-0.83857141
1889,11,-1.1962857,-1.0552174
1889,12,7.2619998,3.3663353
1890,1,5.7522856,-0.86290122
1890,2,4.4462856,-0.45617283
1890,3,-1.1322857,-0.73372669
1890,4,0.50257142,0.7506211
1890,5,-0.45771428,0.14068323
1890,6,1.3565714,0.37720496
1890,7,0.086285712,0.37709876
1890,8,-1.2931428,-0.71450616
1890,9,-1.3434285,-0.54833332
1890,10,-0.74714284,-1.0791975
1890,11,1.7617142,0.86899998
1890,12,0.99285712,1.3955279
1891,1,1.4677143,1.3115432
1891,2,2.6085714,-2.1004321
1891,3,-1.9542857,-2.4567283
1891,4,0.46285713,0.83819874
1891,5,-1.2025714,-0.2021118
1891,6,0.83457141,-1.0343478
1891,7,-1.8214285,-1.3481987
1891,8,-1.1565714,-0.13857143
1891,9,0.24714285,0.67858023
1891,10,-1.3262857,-0.51298135
1891,11,-1.0694285,-0.61456789
1891,12,2.4265714,0.9776543
1892,1,-2.1322857,-0.89567899
1892,2,2.8448571,0.36662576
1892,3,-1.9171428,-0.42368097
1892,4,-0.18971428,-0.99411041
1892,5,-0.52685713,-1.5413497
1892,6,0.45485713,-0.52006134
1892,7,-0.76714284,-0.64079753
1892,8,-0.4602857,-0.20079754
1892,9,-1.0905714,0.60613496
1892,10,0.30857142,-0.258773
1892,11,-0.87628569,-0.40006134
1892,12,-0.92085712,-1.6853987
1893,1,-2.5997142,-1.0365244
1893,2,0.51999999,-2.5308588
1893,3,-0.56114284,-1.398773
1893,4,1.2402857,-1.257317
1893,5,-0.63142856,-1.0284756
1893,6,-0.065714284,0.26353658
1893,7,0.6062857,-0.26932926
1893,8,-0.76914284,-0.57609755
1893,9,0.35514285,-0.66981594
1893,10,-0.52742856,-1.1109756
1893,11,-0.94571426,-1.2854268
1893,12,1.0228571,0.28810975
1894,1,2.4965714,-0.21121951
1894,2,-0.97771426,-3.4194511
1894,3,2.2791428,0.87890242
1894,4,0.54599999,0.82475608
1894,5,0.12857143,0.66762194
1894,6,0.28971428,-0.26335365
1894,7,-0.80199998,0.094390242
1894,8,-0.27599999,0.15
1894,9,0.32685714,-0.28201219
1894,10,0.10857143,-0.065426828
1894,11,-1.1762857,0.20164634
1894,12,1.0465714,0.58603657
1895,1,-1.1508571,-1.5186585
1895,2,-5.6459999,-3.4659146
1895,3,-0.13514285,-0.61945121
1895,4,0.32399999,1.3814024
1895,5,-0.36428571,0.14347561
1895,6,0.51114285,-0.54743901
1895,7,-0.77314284,-1.4294512
1895,8,0.096571426,-0.23737804
1895,9,1.8691428,0.26475609
1895,10,-2.6002857,-1.6164024
1895,11,-0.6182857,-1.4125609
1895,12,-0.19885714,-0.67737803
1896,1,0.59771427,1.3461585
1896,2,0.53542856,0.7062195
1896,3,-1.7225714,-1.5264024
1896,4,2.9191428,0.2329878
1896,5,3.0511428,0.80439023
1896,6,0.16371428,0.81347559
1896,7,0.58599999,-0.12725609
1896,8,1.114,-0.024451219
1896,9,-0.22971428,-1.1910975
1896,10,-0.92399998,-1.3395122
1896,11,1.2788571,-2.477317
1896,12,0.77714284,1.5827439
1897,1,-0.91514284,-0.80981706
1897,2,1.4471428,-0.73518291
1897,3,2.2062857,-1.942378
1897,4,-0.5302857,0.19335365
1897,5,-1.152,0.87414632
1897,6,0.94314284,-0.68140242
1897,7,0.78057141,-0.38158536
1897,8,-0.26571428,-0.36768292
1897,9,1.2402857,0.90213413
1897,10,2.4648571,0.014146341
1897,11,0.34885714,-0.65073169
1897,12,-0.53885713,-1.4450609
1898,1,3.0125714,-0.072378047
1898,2,0.25914285,0.80542681
1898,3,2.066,-0.28939024
1898,4,-2.2531428,0.41414633
1898,5,1.122,-0.61304877
1898,6,1.2248571,0.10091463
1898,7,-0.10942857,-0.23701219
1898,8,0.0097142855,0.54054877
1898,9,1.1111428,0.165
1898,10,-1.1262857,-1.6254878
1898,11,-2.012,-1.7913414
1898,12,-2.0688571,-2.5237195
1899,1,0.18028571,0.12451219
1899,2,-5.2722856,-4.567256
1899,3,-0.57342856,-2.2014634
1899,4,-0.74114284,-0.024329268
1899,5,2.078,-0.75103657
1899,6,0.92371427,-0.24707317
1899,7,-0.10171428,-0.43359755
1899,8,1.3694285,-0.52201218
1899,9,-0.74914284,0.094329266
1899,10,1.7577142,-0.50585365
1899,11,1.5817143,1.9290243
1899,12,-1.2817143,-0.55932926
1900,1,1.1951428,2.8049999
1900,2,-2.2771428,-1.8120122
1900,3,-1.116,0.38353658
1900,4,0.047999999,0.41579267
1900,5,0.34142856,0.9719512
1900,6,-0.0099999998,1.1242073
1900,7,-0.097428569,-0.34993902
1900,8,1.5588571,0.28634146
1900,9,2.1257142,-0.27079268
1900,10,2.6374285,0.97506095
1900,11,0.45914285,-0.16542683
1900,12,0.22114285,0.98963412
1901,1,1.8134285,1.1679878
1901,2,-2.4705714,-2.254878
1901,3,-0.39371428,-0.0031707316
1901,4,-2.6117142,-0.44939023
1901,5,-0.47399999,0.68054877
1901,6,1.2111428,-0.40390243
1901,7,2.0282857,1.289939
1901,8,0.22714285,0.76164632
1901,9,-0.65057141,-0.89896339
1901,10,0.146,0.79481706
1901,11,-1.758,0.38585365
1901,12,-2.6857142,-0.50152438
1902,1,-0.4482857,0.42542682
1902,2,-4.3325713,-0.62634145
1902,3,0.59342856,0.46213414
1902,4,-0.81514284,0.14640244
1902,5,2.4317142,0.6817073
1902,6,0.51571427,-0.57457316
1902,7,0.35999999,-1.1570122
1902,8,0.44485713,-0.54115852
1902,9,-1.556,-0.93463413
1902,10,0.38314285,0.085792681
1902,11,2.9637142,0.67829267
1902,12,-1.0331428,-1.2914024
1903,1,0.062285713,0.93146339
1903,2,-0.52114285,-3.5799999
1903,3,2.3677142,0.51158535
1903,4,-0.85342855,-0.2827439
1903,5,-0.042571428,-0.34024389
1903,6,-2.6477142,-1.1003658
1903,7,-0.12571428,-1.1021341
1903,8,-0.018285714,-0.69006096
1903,9,-0.86171427,-1.1414024
1903,10,-0.42657142,-0.039451219
1903,11,-1.8225714,-0.55176828
1903,12,-2.8945714,-1.1242073
1904,1,-1.4125714,-1.1489024
1904,2,-0.25342857,-1.6303658
1904,3,1.4688571,0.21310975
1904,4,-2.5902857,-0.59280486
1904,5,-0.62857141,0.10371951
1904,6,-0.34028571,-0.81554876
1904,7,-1.1885714,-1.3190853
1904,8,-0.77999998,-0.71249998
1904,9,0.91314284,-0.096768291
1904,10,0.20885714,-0.25579268
1904,11,-0.38514285,1.1597561
1904,12,-0.6602857,-0.64018291
1905,1,-3.1171428,-1.0193292
1905,2,-5.5042856,-3.5119511
1905,3,2.8171428,2.2175
1905,4,-0.25028571,-0.29646341
1905,5,1.294,-1.0480488
1905,6,0.91657141,-0.6342073
1905,7,-1.0377143,-0.93286583
1905,8,0.071714284,0.23432926
1905,9,0.81771427,0.6209756
1905,10,-0.31828571,-1.7496341
1905,11,0.79257141,0.16432926
1905,12,-1.6308571,-0.91365852
1906,1,1.9577142,1.9141463
1906,2,-1.1488571,0.062499999
1906,3,-3.2445714,-2.437256
1906,4,0.90485712,0.96006095
1906,5,0.039714285,-0.44615853
1906,6,0.28742857,-0.92054876
1906,7,-1.1502857,-0.61115852
1906,8,0.27942857,-0.1077439
1906,9,1.7294285,0.66018291
1906,10,-1.3905714,-0.81426827
1906,11,-0.018285714,-0.80432925
1906,12,1.3954285,0.91987803
1907,1,4.8237142,-0.41932926
1907,2,0.31485714,0.85560974
1907,3,5.2905713,2.0190243
1907,4,-3.6342856,-1.5882926
1907,5,-2.128,-2.4420731
1907,6,-1.1037143,-1.6783536
1907,7,0.33428571,-0.80762193
1907,8,0.39514285,-0.95524388
1907,9,0.20428571,-0.49713414
1907,10,-0.64885713,-0.2134756
1907,11,-1.2862857,-0.24432926
1907,12,0.31971428,0.99402437
1908,1,0.75599998,1.7714634
1908,2,-0.70542856,-0.51548779
1908,3,3.7714285,1.1415853
1908,4,1.2062857,0.83042681
1908,5,0.49457142,-1.0720731
1908,6,-0.060571427,-1.1175
1908,7,-0.37628571,-0.27262195
1908,8,-0.057999999,-0.91530486
1908,9,0.32257142,0.49579267
1908,10,-1.354,-1.3495122
1908,11,1.2805714,0.24506097
1908,12,1.6297142,-0.27743902
1909,1,2.5085714,1.264817
1909,2,1.8817142,0.29164633
1909,3,0.23714285,-0.40524389
1909,4,-0.49485713,-1.3587195
1909,5,-0.97514284,-1.2646951
1909,6,0.38571428,0.091707315
1909,7,-0.15571428,-0.72463413
1909,8,1.0282857,0.45042682
1909,9,-0.050857142,-0.30890243
1909,10,-0.5362857,-0.86878047
1909,11,3.8737142,1.3728658
1909,12,-4.0234285,-4.1400609
1910,1,0.74057141,-0.14402439
1910,2,-2.1034285,-2.6442073
1910,3,4.4842856,4.8787194
1910,4,-0.71085713,2.0057317
1910,5,-1.5928571,-0.33237804
1910,6,-1.3054285,0.096829266
1910,7,-0.41028571,0.35463414
1910,8,-0.18285714,-0.59292682
1910,9,1.2474285,0.25615853
1910,10,1.1254285,0.71018291
1910,11,-1.1251428,-0.16347561
1910,12,-2.1165714,-0.33408536
1911,1,3.5288571,1.4245731
1911,2,3.2474285,-0.93439022
1911,3,1.5794285,1.779817
1911,4,-0.5842857,-0.56939023
1911,5,1.4111428,0.4484756
1911,6,2.0631428,0.99128047
1911,7,-0.62999999,-0.49493901
1911,8,-0.15171428,-0.69926828
1911,9,2.8331428,0.17634146
1911,10,1.1085714,-1.3401829
1911,11,-2.2471428,-2.4865853
1911,12,1.1085714,-0.80054876
1912,1,-3.3437142,-2.5940853
1912,2,-3.1434285,-1.1857927
1912,3,-2.6082857,-2.8536585
1912,4,0.40485713,-0.41030487
1912,5,0.78999998,0.068902437
1912,6,-1.5642857,-0.92347559
1912,7,0.14314285,-0.99103656
1912,8,-0.30057142,-1.262439
1912,9,0.91171427,-1.6185975
1912,10,0.92657141,-0.95981705
1912,11,-0.8402857,0.57853657
1912,12,0.023999999,0.016463414
1913,1,3.3231428,-0.093902437
1913,2,-1.1668571,-2.7450609
1913,3,-0.39514285,-1.299878
1913,4,-0.67942856,0.46390243
1913,5,0.20971428,-0.095609754
1913,6,0.39142856,-0.24079268
1913,7,0.91714284,-0.63926828
1913,8,1.3348571,0.67481706
1913,9,-0.53142856,-0.58048779
1913,10,-1.1565714,-1.425
1913,11,2.3851428,1.7677439
1913,12,0.7162857,0.078597559
1914,1,2.8005714,2.8053048
1914,2,-2.186,-2.4383536
1914,3,-1.7002857,0.41408536
1914,4,-0.29799999,0.066341462
1914,5,0.42542856,0.62945121
1914,6,2.8248571,-0.045792682
1914,7,1.0854285,0.07164634
1914,8,0.12485714,-0.1852439
1914,9,-0.20457142,-0.093658534
1914,10,0.5662857,0.6389634
1914,11,0.34142856,1.1021341
1914,12,-3.1208571,-3.5536585
1915,1,-0.58999999,-0.58762194
1915,2,1.3671428,1.1572561
1915,3,-4.5511428,-1.4635975
1915,4,1.15,2.289817
1915,5,0.48857142,-1.5308536
1915,6,-0.26399999,-1.6385975
1915,7,-0.5582857,-1.7144512
1915,8,-1.6888571,-0.92792681
1915,9,0.97371426,-0.42896341
1915,10,1.178,0.50762194
1915,11,1.8482857,0.5187195
1915,12,-0.14171428,0.080914632
1916,1,3.1119999,-1.6063414
1916,2,-0.56657142,-0.5559756
1916,3,0.042571428,0.82054876
1916,4,-1.2931428,-0.20140243
1916,5,1.0097143,-0.84085364
1916,6,-0.87742855,-1.4002439
1916,7,0.5862857,0.3234756
1916,8,0.82199998,-0.25475609
1916,9,-0.65314284,-0.65615852
1916,10,0.14457143,-1.435
1916,11,0.42314285,-1.1407927
1916,12,-0.67742856,-2.7625609
1917,1,2.2925714,-1.4679878
1917,2,-0.45171428,-2.6179877
1917,3,0.70885713,-1.8179268
1917,4,-0.62657141,-1.497378
1917,5,-2.9854285,-2.7714024
1917,6,-0.54085713,-1.0054268
1917,7,-0.16371428,0.65493901
1917,8,-0.81999998,-0.48786584
1917,9,-0.85199998,-0.22378048
1917,10,-3.2379999,-1.8945731
1917,11,-0.85685712,1.4201219
1917,12,-4.5485713,-1.3240244
1918,1,-5.6265713,-2.6085365
1918,2,1.9114285,-0.52865852
1918,3,3.5959999,2.4832926
1918,4,-1.6208571,-0.98634144
1918,5,1.5517143,0.14353658
1918,6,1.3171428,1.405
1918,7,-0.79885713,-0.68847559
1918,8,1.5457143,0.048719511
1918,9,-2.9317142,-1.3166463
1918,10,2.0797142,0.85762193
1918,11,-0.51542856,-0.6259756
1918,12,2.5057142,0.37560975
1919,1,1.0428571,1.3757927
1919,2,0.29171428,-1.1180488
1919,3,0.96371426,-0.077682925
1919,4,-0.37199999,0.26189024
1919,5,-1.0551428,0.12493902
1919,6,0.49457142,0.46298779
1919,7,0.40714285,0.46762194
1919,8,0.066857141,0.13609756
1919,9,0.67257141,0.47939023
1919,10,3.5599999,-1.9504878
1919,11,0.66599999,-1.8383536
1919,12,-1.2531428,-2.7386585
1920,1,0.204,-0.36743902
1920,2,-0.23342857,-0.19804878
1920,3,-0.23514285,-0.26487804
1920,4,-1.5805714,-2.5434756
1920,5,-0.064571427,-0.62652438
1920,6,-0.51199999,-0.67451218
1920,7,-0.60971427,-0.53664633
1920,8,-1.1914285,-0.6217073
1920,9,0.98857141,0.17243902
1920,10,0.99114283,0.11719512
1920,11,-1.6897142,-1.0159146
1920,12,-0.090857141,0.059756096
1921,1,3.3914285,2.4621341
1921,2,2.2797142,1.5171341
1921,3,5.0894285,2.8139634
1921,4,-0.34028571,0.11128049
1921,5,0.066857141,-0.047439023
1921,6,1.488,0.92579266
1921,7,0.92771426,0.54890243
1921,8,0.40457142,-0.098963412
1921,9,3.1171428,0.52792682
1921,10,-0.32657142,0.82652437
1921,11,1.8737142,0.10896341
1921,12,2.076,0.84518291
1922,1,0.16457142,-1.8660365
1922,2,2.4362857,-1.8467073
1922,3,0.72714284,-0.30390243
1922,4,1.1608571,-0.69926828
1922,5,0.92857141,0.52341462
1922,6,0.90342855,0.94030486
1922,7,-0.29371428,-0.38182926
1922,8,-0.11228571,0.5764634
1922,9,1.3408571,1.4254878
1922,10,0.75399998,0.35908536
1922,11,1.2817143,-0.19804878
1922,12,2.4505714,-0.34036585
1923,1,4.1822856,2.3881097
1923,2,-0.96542855,-2.7385975
1923,3,-0.62199999,-1.6054268
1923,4,-0.59285713,-0.62554877
1923,5,-0.98285712,-0.25975609
1923,6,0.044857142,-0.32231707
1923,7,-0.33685714,0.18347561
1923,8,0.30342856,-0.66292681
1923,9,0.25514285,0.1579878
1923,10,-1.1325714,-1.7005487
1923,11,-0.52742856,0.79932925
1923,12,3.7828571,1.2151219
1924,1,-1.8325714,-1.8437195
1924,2,-0.55485713,1.0017073
1924,3,-2.5242857,-1.8292073
1924,4,-0.15514285,-0.4237195
1924,5,-2.4619999,-0.98567071
1924,6,0.76142855,-0.14012195
1924,7,-0.97942855,-0.9592073
1924,8,1.028,-0.17128048
1924,9,-1.7542857,-0.97676827
1924,10,1.0614285,0.35426828
1924,11,0.94342855,0.24993902
1924,12,-0.99028569,-3.5782316
1925,1,0.66714284,-0.48829267
1925,2,3.0885714,2.3067682
1925,3,1.8531428,1.9422561
1925,4,2.3439999,2.0132926
1925,5,-1.25,0.13926829
1925,6,1.9917142,0.45817072
1925,7,0.51971427,0.19597561
1925,8,0.32285714,-0.42902438
1925,9,3.8282856,0.42091462
1925,10,-1.6734285,-3.3229877
1925,11,-0.94742855,-0.6714634
1925,12,-1.5751428,-0.013963414
1926,1,0.26857142,0.45963414
1926,2,2.1102857,2.0360365
1926,3,-2.6805714,-0.21475609
1926,4,-2.3937142,-0.096280486
1926,5,0.18371428,0.55487804
1926,6,-0.53514285,-0.10701219
1926,7,-0.14571428,-0.13585366
1926,8,0.72914284,0.10323171
1926,9,1.784,-0.89786583
1926,10,1.1462857,0.18445122
1926,11,-2.1817142,-0.33670731
1926,12,0.55257142,-1.3664634
1927,1,1.5222857,0.97658534
1927,2,4.7177142,1.6356707
1927,3,0.99914283,0.78884145
1927,4,1.4914285,-0.0087804876
1927,5,0.71742856,-0.52469511
1927,6,-0.6402857,-0.7989634
1927,7,-0.38628571,-0.56859755
1927,8,-1.5831428,-1.4745731
1927,9,1.3051428,-0.10079268
1927,10,1.6774285,0.7917073
1927,11,2.7028571,1.1606097
1927,12,-1.0511428,-3.0330487
1928,1,0.79142855,1.4826219
1928,2,0.47999999,0.19945122
1928,3,0.59342856,1.3830487
1928,4,-2.4142857,-1.4637195
1928,5,-0.50285713,1.0096951
1928,6,-1.5148571,-1.4810366
1928,7,-0.0074285713,-0.16585365
1928,8,0.67057141,-0.22225609
1928,9,-1.4511428,-0.69042681
1928,10,1.9702857,0.1277439
1928,11,-0.30857142,0.004207317
1928,12,0.19085714,-0.10347561
1929,1,0.42342856,-2.4454268
1929,2,-2.8702857,-4.0860365
1929,3,2.5765714,1.2982317
1929,4,1.3774285,-0.20207317
1929,5,-0.60057142,-0.7642073
1929,6,-0.5322857,-0.61329267
1929,7,-0.10571428,0.024999999
1929,8,-0.075142855,0.44963414
1929,9,-0.14371428,-0.87609754
1929,10,-0.35971428,-0.13018292
1929,11,-1.556,-1.9393902
1929,12,-0.13828571,0.59024389
1930,1,-1.3742857,-3.7845731
1930,2,4.1737142,3.2504268
1930,3,-1.0714285,0.015670731
1930,4,1.1811428,2.0166463
1930,5,0.41199999,-0.70030486
1930,6,-0.31599999,0.034939024
1930,7,1.684,0.58689023
1930,8,0.5002857,0.52249999
1930,9,1.2677143,0.39378048
1930,10,-1.1385714,-1.3956097
1930,11,-0.17457142,-0.28079268
1930,12,-1.5722857,-0.88932925
1931,1,1.2862857,2.0793902
1931,2,2.082,2.3152439
1931,3,-2.6251428,-0.24817073
1931,4,-1.2368571,0.41713414
1931,5,-1.7365714,-0.072134145
1931,6,1.1545714,1.2756707
1931,7,1.0185714,1.2809756
1931,8,-0.8142857,0.24768292
1931,9,2.7351428,1.6865853
1931,10,2.2885714,1.1096951
1931,11,3.7534285,0.36030487
1931,12,3.9968571,0.48359755
1932,1,4.3974285,0.38420731
1932,2,4.980857,0.76414632
1932,3,-2.2782857,-1.8200609
1932,4,0.36342856,0.30079268
1932,5,-0.080571427,0.30579268
1932,6,0.96371426,0.33914633
1932,7,1.1837143,0.048048779
1932,8,0.65714284,0.30006097
1932,9,-0.052571427,0.049817072
1932,10,-0.66542856,-1.0659146
1932,11,-2.2814285,-0.10628049
1932,12,-0.23371428,-2.4309146
1933,1,4.9574285,2.2306097
1933,2,-0.11342857,-2.8471951
1933,3,0.36857142,0.5989634
1933,4,-0.54857142,-0.58932926
1933,5,1.856,-0.66567072
1933,6,1.2368571,1.887378
1933,7,0.18485714,0.99603656
1933,8,-0.095142855,-0.015487805
1933,9,2.7294285,1.377439
1933,10,0.36799999,0.59201218
1933,11,0.30399999,0.43701219
1933,12,3.7045713,1.39
1934,1,2.8202857,3.1215243
1934,2,-1.7397142,0.55152438
1934,3,-1.0362857,1.582439
1934,4,0.16171428,1.8321341
1934,5,0.78857141,2.9345121
1934,6,2.1934285,1.0446951
1934,7,2.1328571,1.4326219
1934,8,1.4294285,0.73939023
1934,9,-0.39514285,-0.49420731
1934,10,1.6542857,1.1760366
1934,11,1.7397142,1.862378
1934,12,-0.82257141,-0.16768292
1935,1,1.8808571,0.85158535
1935,2,1.0994285,1.2386585
1935,3,3.7937142,1.0593902
1935,4,-0.7622857,-0.7137195
1935,5,-0.71885713,-1.8006707
1935,6,-0.92657141,-0.38701219
1935,7,0.85285712,0.89896339
1935,8,0.97457141,0.48878048
1935,9,-0.28285714,0.16536585
1935,10,0.88342855,-0.52810974
1935,11,-0.090285712,-1.4514634
1935,12,-3.3651428,-0.84725608
1936,1,-1.6077142,-1.1601219
1936,2,-3.3517142,-5.1559755
1936,3,2.4685714,1.2390853
1936,4,-1.5091428,-0.18914634
1936,5,1.2768571,1.9729268
1936,6,1.5057143,1.0452439
1936,7,1.7522857,1.8112804
1936,8,2.2497142,1.3257317
1936,9,2.3034285,0.58512194
1936,10,0.25114285,-0.53774389
1936,11,-1.44,-0.9901829
1936,12,1.3225714,0.67512194
1937,1,3.6605713,-4.0233536
1937,2,-0.031142856,-1.4246341
1937,3,-1.772,-0.88158535
1937,4,-0.61057141,-0.46463414
1937,5,0.58457142,1.0704878
1937,6,0.88971427,-0.021280487
1937,7,-0.16914285,0.69713413
1937,8,1.2037143,1.6068902
1937,9,-0.46857142,0.77359754
1937,10,-0.95314284,-0.027865853
1937,11,-1.8742857,-0.15286585
1937,12,-0.93914284,-0.05109756
1938,1,1.3517143,1.3717073
1938,2,3.8488571,0.61701218
1938,3,4.3711428,1.8990243
1938,4,0.14685714,0.53865852
1938,5,0.44342856,-0.31506097
1938,6,-0.45542856,0.30841463
1938,7,0.24171428,0.090487803
1938,8,1.4497143,0.93542681
1938,9,0.58685713,1.1667683
1938,10,1.6508571,1.1986585
1938,11,0.45571428,-1.2637195
1938,12,0.0094285712,0.79353657
1939,1,3.2628571,2.2489634
1939,2,1.2194285,-2.8985975
1939,3,1.8482857,0.72939023
1939,4,-1.2517143,0.63457316
1939,5,0.40228571,1.6756097
1939,6,0.90999998,0.056341462
1939,7,0.55085713,0.73536584
1939,8,-0.063999999,0.53530487
1939,9,2.5097142,1.2757317
1939,10,1.5668571,0.014878048
1939,11,-1.2562857,0.76628047
1939,12,1.3085714,2.904756
1940,1,-6.7111427,-2.3140243
1940,2,-0.94257141,0.26969512
1940,3,-0.35799999,0.53420731
1940,4,-1.1551428,-0.22006097
1940,5,-1.2982857,0.75719511
1940,6,-0.14514285,0.81451218
1940,7,-0.59657142,0.55542682
1940,8,-0.176,0.20676829
1940,9,-0.94742855,0.68585364
1940,10,1.3082857,1.0593292
1940,11,-0.6262857,-1.6482926
1940,12,2.1802857,1.5185975
1941,1,1.7374285,1.4202439
1941,2,-1.892,0.25957316
1941,3,-2.6411428,-0.39951219
1941,4,1.2102857,0.57567072
1941,5,1.2711428,1.2587195
1941,6,0.39571428,-0.46859755
1941,7,0.44142856,0.22420731
1941,8,0.90828569,-0.095304876
1941,9,1.5137143,-0.4432317
1941,10,3.3931428,-0.096097559
1941,11,-0.28742857,0.95158534
1941,12,1.7588571,1.7129268
1942,1,-0.40228571,0.3309756
1942,2,-1.664,-1.7133536
1942,3,0.45114285,0.35920731
1942,4,0.73371427,1.3465853
1942,5,-0.12628571,-0.62762194
1942,6,0.49914285,-0.46676828
1942,7,0.44371428,0.18439024
1942,8,-0.38114285,0.019634146
1942,9,-0.73542855,-0.51378048
1942,10,0.51571427,0.19481707
1942,11,1.6837142,0.5684756
1942,12,-0.31314285,-0.060609755
1943,1,1.454,-0.46432926
1943,2,1.64,1.2936585
1943,3,-1.6017142,-1.1671341
1943,4,-0.23428571,1.2818292
1943,5,0.92628569,-0.52317072
1943,6,1.9534285,-0.19121951
1943,7,0.81799998,0.29042682
1943,8,1.67,0.63701218
1943,9,-1.338,0.013170731
1943,10,-0.89142855,-0.092134144
1943,11,-1.2671428,-0.22835365
1943,12,-1.0462857,-0.10585366
1944,1,1.4971428,1.3878658
1944,2,2.9068571,-0.2732317
1944,3,-0.047142856,-1.5589634
1944,4,-0.95999998,-1.1425
1944,5,1.3225714,1.0851219
1944,6,1.78,-0.45640243
1944,7,0.082571427,-0.55804877
1944,8,0.24285714,0.11310975
1944,9,0.32771428,0.31993902
1944,10,0.17914285,0.73749998
1944,11,0.41771428,-0.13969512
1944,12,-2.3639999,-1.1235975
1945,1,-0.035142856,0.5609756
1945,2,1.3191428,0.62762194
1945,3,4.8005713,2.1990853
1945,4,0.68285713,-0.64164633
1945,5,-1.6228571,-0.94701217
1945,6,-0.42799999,-1.7180487
1945,7,-0.79257141,-0.26695121
1945,8,-0.096285712,0.17853658
1945,9,1.0568571,-0.10945122
1945,10,-0.58542856,0.099999998
1945,11,1.1925714,-0.040304877
1945,12,-3.1551428,-1.9996951
1946,1,1.3717143,0.96012193
1946,2,1.9774285,0.20762195
1946,3,4.1285713,3.2278048
1946,4,1.4531428,2.1195731
1946,5,-0.96657141,-0.75164632
1946,6,-0.28542857,-0.045731706
1946,7,-0.11514285,0.15762195
1946,8,-1.0125714,-0.33969511
1946,9,-0.5322857,-0.0024999999
1946,10,0.97857141,-0.85365852
1946,11,2.2691428,-0.41713414
1946,12,2.5214285,1.5763414
1947,1,2.6697142,0.95268291
1947,2,-3.4999999,-0.80749998
1947,3,-3.5342856,-0.44603658
1947,4,0.45285713,-0.14445122
1947,5,-0.87314284,0.13579268
1947,6,-0.20942857,-1.1933536
1947,7,-1.5757143,-0.20353658
1947,8,2.0228571,1.099878
1947,9,1.0414285,1.0088414
1947,10,3.4059999,2.4043902
1947,11,-1.372,-2.0827439
1947,12,0.5362857,-0.21243902
1948,1,-2.8942856,-0.39756097
1948,2,0.39685713,-1.5614634
1948,3,0.94885712,-1.554878
1948,4,2.1314285,1.1404268
1948,5,-0.046857142,-0.0094512193
1948,6,0.62085713,0.0030487804
1948,7,0.25628571,-0.3457317
1948,8,-0.21771428,0.098231705
1948,9,-0.24114285,0.97225608
1948,10,-1.1591428,-0.37219511
1948,11,1.3005714,-0.12439024
1948,12,1.7965714,-0.59512194
1949,1,3.3788571,-2.934756
1949,2,2.4219999,-1.7153658
1949,3,0.073714284,0.12140244
1949,4,-1.0148571,1.0322561
1949,5,1.0094285,0.79689023
1949,6,0.65114284,0.36274389
1949,7,0.59714284,0.26567073
1949,8,-0.38371428,0.21640243
1949,9,-1.7845714,-0.35707316
1949,10,1.9297142,-0.43951219
1949,11,0.30314285,2.5258536
1949,12,1.736,-0.017256097
1950,1,6.1242856,-0.58341462
1950,2,2.4305714,0.64689023
1950,3,-1.0865714,-0.96963412
1950,4,-2.1825714,-1.1080488
1950,5,0.98057141,-0.79487803
1950,6,-0.073714284,-0.42237804
1950,7,-1.686,-1.3050609
1950,8,-1.5991428,-0.98609754
1950,9,-1.14,-0.60067072
1950,10,2.1948571,1.7858536
1950,11,-2.1474285,-0.036402438
1950,12,-2.4202857,0.67993901
1951,1,1.7025714,0.31128048
1951,2,0.86999998,0.47219511
1951,3,0.134,-1.3635975
1951,4,-1.678,-0.43140243
1951,5,-0.016285714,0.36878048
1951,6,-0.041999999,-1.3478048
1951,7,0.07342857,-0.075731706
1951,8,1.0311428,-0.36158536
1951,9,-0.31514285,-0.45908536
1951,10,1.086,-0.34695121
1951,11,-2.7042857,-1.7143292
1951,12,1.0825714,-1.3658536
1952,1,4.5825713,0.78963413
1952,2,2.6657142,0.6334756
1952,3,-0.38114285,-1.8360365
1952,4,-1.2,0.79347559
1952,5,0.10257143,0.19993902
1952,6,2.9377142,0.8314634
1952,7,1.0517143,0.073292681
1952,8,0.47942856,0.41554877
1952,9,-0.66085713,0.93798778
1952,10,-2.7491428,-0.16317073
1952,11,-0.212,-0.95091461
1952,12,0.16085714,0.43481706
1953,1,3.3345714,4.1284145
1953,2,1.8702857,1.1247561
1953,3,2.3099999,1.5901829
1953,4,-1.6705714,-1.1422561
1953,5,1.2488571,-1.0107317
1953,6,2.6417142,0.46030487
1953,7,0.10657143,0.27249999
1953,8,0.13371428,0.063414633
1953,9,0.35828571,0.85524388
1953,10,1.328,1.1532317
1953,11,-0.12685714,1.7596951
1953,12,-0.30171428,0.72902437
1954,1,1.7765714,0.71664633
1954,2,3.9939999,4.3600609
1954,3,-0.30314285,-0.82402437
1954,4,2.5937142,1.5819512
1954,5,-2.4051428,-0.60085365
1954,6,1.3171428,-0.10170731
1954,7,1.9865714,0.74591462
1954,8,1.9568571,-0.34853658
1954,9,2.0574285,0.64408535
1954,10,0.96085712,0.13804878
1954,11,-0.34828571,1.8832926
1954,12,0.040571428,0.69853657
1955,1,0.89114284,-0.10914634
1955,2,0.6682857,-1.9395122
1955,3,1.5228571,-0.78548779
1955,4,2.1185714,0.83743901
1955,5,1.2608571,0.4437195
1955,6,-2.0088571,-0.91981705
1955,7,0.7902857,0.41146341
1955,8,0.6762857,1.1837195
1955,9,1.3734285,0.44963414
1955,10,-0.14171428,0.64085364
1955,11,-0.87257141,-2.0090243
1955,12,-0.6162857,-0.72109754
1956,1,-0.31599999,1.3077439
1956,2,2.5637142,-1.5816463
1956,3,0.38485713,-0.051707316
1956,4,-1.1882857,-0.81225608
1956,5,1.3731428,0.66378047
1956,6,-0.063714284,1.2087805
1956,7,0.094571426,-0.45445121
1956,8,0.7262857,-0.36451219
1956,9,-0.47342856,0.27585365
1956,10,1.9414285,0.95286583
1956,11,-0.5282857,-0.62085364
1956,12,3.6037142,1.459878
1957,1,0.8502857,-1.8254268
1957,2,4.1094285,1.992378
1957,3,-0.41771428,0.58030487
1957,4,0.56885713,-0.25457317
1957,5,0.4942857,-0.48969511
1957,6,0.32571428,0.023292682
1957,7,0.24942857,0.32103658
1957,8,-0.089428569,-0.2129878
1957,9,-0.61857141,-0.25737804
1957,10,-1.8577142,-1.1778049
1957,11,0.23428571,-0.8421951
1957,12,1.9674285,2.4357926
1958,1,-0.69142856,1.812317
1958,2,-4.0734285,-0.15841463
1958,3,-2.4857142,-1.2907927
1958,4,-0.36485713,-0.32554877
1958,5,0.14857143,1.4667073
1958,6,-0.22114285,-0.41701219
1958,7,-0.30171428,-0.6667073
1958,8,-0.14085714,0.91036583
1958,9,0.19742857,0.39896341
1958,10,-0.29628571,0.54231706
1958,11,1.6537142,0.69853657
1958,12,-2.126,0.0099390242
1959,1,-0.54914284,0.29615853
1959,2,0.98942855,-1.025061
1959,3,-0.36542856,0.64859755
1959,4,-0.32314285,0.54384145
1959,5,1.6551428,0.057560974
1959,6,-0.15771428,1.0019512
1959,7,-0.61714284,0.089573169
1959,8,0.75257141,0.71018291
1959,9,0.51371427,-0.12804878
1959,10,0.5882857,-0.71689023
1959,11,-1.8594285,-1.492378
1959,12,1.2565714,1.8495122
1960,1,1.0705714,-0.089329266
1960,2,-1.8691428,-1.6576829
1960,3,-5.8562856,-1.9289634
1960,4,0.87028569,0.93518291
1960,5,-1.3088571,-0.30396341
1960,6,-0.148,0.34481707
1960,7,-0.32314285,0.17902439
1960,8,0.26371428,0.094024388
1960,9,0.86171427,0.94225608
1960,10,1.0562857,0.14951219
1960,11,0.62999999,0.71213413
1960,12,-2.3911428,-1.152317
1961,1,-1.4777143,0.61853657
1961,2,2.4014285,2.0043902
1961,3,1.9748571,1.4534146
1961,4,-2.4685714,-0.99786583
1961,5,-1.6908571,-0.58902438
1961,6,-1.4797143,0.9567073
1961,7,-0.99399998,-0.058963413
1961,8,-1.006,0.75225608
1961,9,0.19628571,-0.934939
1961,10,-0.078285713,-0.16182926
1961,11,0.47457142,-0.75530486
1961,12,-0.38542856,-1.1467683
1962,1,-1.2357143,-1.3493292
1962,2,3.2005714,-0.051158535
1962,3,-1.76,-1.4189024
1962,4,-1.5545714,0.9244512
1962,5,2.9159999,0.74701218
1962,6,-0.20085714,-0.38737804
1962,7,0.027428571,-1.1422561
1962,8,0.39028571,-0.044695121
1962,9,-0.65542856,-0.3237195
1962,10,1.5194285,0.94749998
1962,11,-0.56114284,1.2462805
1962,12,-1.472,0.65810974
1963,1,-2.9065714,-2.6704877
1963,2,-2.5911428,0.83030486
1963,3,2.4977142,1.4900609
1963,4,1.4434285,0.26957316
1963,5,0.16914285,0.46859755
1963,6,0.44257142,0.037865853
1963,7,-0.49999999,0.06317073
1963,8,0.0039999999,-0.034999999
1963,9,-0.25199999,1.097378
1963,10,2.9299999,2.9237804
1963,11,0.90942855,1.5394512
1963,12,-5.1191427,-2.3068902
1964,1,0.87199998,1.3725609
1964,2,-1.5451428,-0.94548778
1964,3,-0.077142855,-1.2419512
1964,4,1.1897143,-0.050426828
1964,5,0.98685712,0.62609755
1964,6,0.52085713,-0.49176828
1964,7,-0.112,0.70890242
1964,8,-0.34771428,-0.85201218
1964,9,-0.15371428,-0.7062195
1964,10,-1.6868571,0.10981707
1964,11,2.0902857,0.048963414
1964,12,0.51685713,-0.69689023
1965,1,1.7865714,1.2089024
1965,2,-0.32942856,-0.73780486
1965,3,-3.0151428,-2.8431097
1965,4,1.5628571,0.26615853
1965,5,1.6651428,0.071707315
1965,6,-0.4562857,-1.0204268
1965,7,-0.44514285,-0.6464634
1965,8,-0.41257142,-0.54201218
1965,9,0.29142856,-2.1078658
1965,10,-0.62399999,0.72268291
1965,11,2.4354285,1.5032317
1965,12,1.8548571,1.6079878
1966,1,-1.9637142,-1.4901829
1966,2,-0.63542856,-1.4590244
1966,3,0.47571428,1.509878
1966,4,-0.72514284,-0.5137195
1966,5,-0.90799998,0.14134146
1966,6,-0.90228569,-0.14359756
1966,7,1.0411428,0.75506096
1966,8,-1.2051428,-0.47969511
1966,9,-1.2257143,0.1102439
1966,10,-1.3845714,-0.58524389
1966,11,1.2971428,0.84810974
1966,12,-0.34942856,-0.094451217
1967,1,1.8488571,2.1539634
1967,2,-1.436,-0.30451219
1967,3,2.7679999,1.3393292
1967,4,2.12,-0.48012194
1967,5,-1.3402857,-1.5034756
1967,6,-0.204,-0.58926828
1967,7,-1.9245714,-0.34335365
1967,8,-2.0537142,-0.026280487
1967,9,-2.4194285,0.099390242
1967,10,-0.69799998,0.003109756
1967,11,-1.0994285,0.18670731
1967,12,1.3214285,-0.84786583
1968,1,-0.66657141,-0.17256097
1968,2,-3.1308571,0.14756097
1968,3,-0.13914285,2.0733536
1968,4,0.22628571,-0.26646341
1968,5,-1.0725714,-1.1577439
1968,6,0.17114285,-0.048475609
1968,7,-0.63257141,-0.35859755
1968,8,0.22914285,-0.96524388
1968,9,-1.162,-0.28115853
1968,10,0.059142856,0.29463414
1968,11,-0.69657141,-0.13841463
1968,12,-1.4028571,-1.6426829
1969,1,0.23457142,-0.099817071
1969,2,-0.19685714,-0.5512195
1969,3,-3.4014285,-2.3264024
1969,4,0.32599999,1.0497561
1969,5,-0.078571427,0.86054876
1969,6,-0.072571427,-1.155
1969,7,1.032,0.060853657
1969,8,-0.59285713,0.99024388
1969,9,-0.6422857,0.68310974
1969,10,0.037999999,-2.1590243
1969,11,-1.0765714,0.27256097
1969,12,-1.2188571,0.5637195
1970,1,-2.9225714,-0.87658535
1970,2,-0.77114284,1.2682927
1970,3,-1.242,-1.1763414
1970,4,0.98142855,-1.2234756
1970,5,0.67257141,0.50810974
1970,6,-0.58142856,0.3252439
1970,7,-0.54942856,0.36762194
1970,8,0.31971428,0.92097559
1970,9,1.6354285,-0.50274389
1970,10,-0.065714284,-1.2263414
1970,11,-1.1248571,0.12036585
1970,12,1.9982857,-0.14951219
1971,1,0.27057142,-0.1327439
1971,2,-0.37714285,-0.13140244
1971,3,-1.6088571,-0.3707317
1971,4,-0.67514284,-0.30408536
1971,5,-1.7817142,-0.87804876
1971,6,1.1342857,0.40231706
1971,7,-0.97942855,-0.66591462
1971,8,-1.0165714,0.31115853
1971,9,0.84142855,-0.42646341
1971,10,2.8454285,0.029512194
1971,11,0.17628571,-0.079634145
1971,12,4.0477142,-0.26969512
1972,1,1.9868571,-0.16530487
1972,2,0.077999998,-0.21292682
1972,3,0.84999998,1.9838414
1972,4,0.21257142,-0.23128048
1972,5,-0.37799999,0.37975609
1972,6,-0.79571427,-0.022499999
1972,7,-0.98828569,-0.73310974
1972,8,-0.10885714,-0.13865853
1972,9,1.3651428,-0.53945121
1972,10,-0.52571427,-1.2042683
1972,11,-1.6434285,-1.4289634
1972,12,-0.081714284,-2.1754268
1973,1,0.16057142,0.1127439
1973,2,-0.6422857,0.028780487
1973,3,3.3045714,1.7766463
1973,4,-1.6054285,-0.99628047
1973,5,-1.5062857,-0.29006097
1973,6,0.19514285,0.3234756
1973,7,0.059142856,-0.22536585
1973,8,-0.39885713,0.57926828
1973,9,0.90714284,-0.45695121
1973,10,2.0468571,0.84524388
1973,11,2.5019999,0.2702439
1973,12,-0.24114285,0.50945121
1974,1,3.4317142,0.18280487
1974,2,1.1605714,0.3287195
1974,3,3.1285714,1.7051219
1974,4,-0.032285714,0.41506097
1974,5,0.69799998,-0.079634145
1974,6,-1.922,0.42445121
1974,7,0.044571428,0.3412195
1974,8,-0.80342855,-0.8869512
1974,9,-2.5997142,-1.0603049
1974,10,-0.8002857,-0.033902438
1974,11,0.21628571,0.47908536
1974,12,0.19771428,0.4182317
1975,1,2.8545714,1.2722561
1975,2,0.94142855,-0.95481705
1975,3,-1.132,-1.1596951
1975,4,-1.1368571,-2.5240853
1975,5,1.1248571,-0.060731706
1975,6,-0.11771428,-0.61524389
1975,7,-0.6042857,0.16920731
1975,8,0.26599999,-0.31237804
1975,9,-2.0034285,-0.7964634
1975,10,0.73314284,0.16341463
1975,11,1.2874285,0.41878048
1975,12,0.18285714,0.76865852
1976,1,-0.73114284,0.41725609
1976,2,4.3297142,2.8664634
1976,3,2.6868571,0.43445121
1976,4,0.16485714,0.61286584
1976,5,-2.4142857,-0.21091463
1976,6,-1.1928571,-0.14
1976,7,-0.73799998,-0.28945121
1976,8,-1.1122857,-0.61195121
1976,9,-1.1782857,-0.099024388
1976,10,-3.2334285,-2.0580487
1976,11,-3.8619999,-1.2431097
1976,12,-2.0608571,-1.029939
1977,1,-6.3057141,-2.9643902
1977,2,-0.33657142,1.5564024
1977,3,2.3908571,1.1821951
1977,4,1.336,1.877439
1977,5,1.6257142,0.74085364
1977,6,0.77114284,1.082439
1977,7,0.95285712,0.35268292
1977,8,0.20057142,-0.15878048
1977,9,1.2,0.48634145
1977,10,-1.0168571,0.078292681
1977,11,1.3677143,0.50835365
1977,12,-0.89399998,0.32195121
1978,1,-4.7611428,-1.354817
1978,2,-5.7139999,-2.6596951
1978,3,-1.8325714,0.76317071
1978,4,0.5602857,0.25542682
1978,5,-0.41571428,-0.18963414
1978,6,0.34228571,0.21030487
1978,7,0.68599998,-0.032195121
1978,8,0.24828571,-0.16804878
1978,9,1.478,0.43054877
1978,10,-0.73314284,0.27310975
1978,11,2.3614285,-0.74628047
1978,12,0.10028571,-2.2375609
1979,1,-4.4939999,-4.1693292
1979,2,-3.5779999,-3.1393902
1979,3,0.89399998,0.72841462
1979,4,-0.38999999,-0.46506097
1979,5,-0.80257141,-0.47652438
1979,6,-0.65514284,-0.25030487
1979,7,-0.66914284,-0.1625
1979,8,-0.42285713,-0.56719511
1979,9,-0.84085712,1.1364634
1979,10,0.15942857,0.64884145
1979,11,-0.45314285,-1.0490853
1979,12,0.42485713,1.9660975
1980,1,1.3668571,0.76835364
1980,2,-2.6145714,-0.10414634
1980,3,-1.3077143,-0.64054877
1980,4,-1.266,0.65591462
1980,5,-0.016857142,0.096646339
1980,6,0.42057142,0.017987804
1980,7,2.1837142,0.94426827
1980,8,2.0291428,0.145
1980,9,1.9237142,0.53219511
1980,10,-1.4014285,-0.78317071
1980,11,-0.46657142,0.57359755
1980,12,-0.098857141,1.4067073
1981,1,-1.1591428,2.2015853
1981,2,0.46514285,1.8353658
1981,3,-0.28914285,1.565
1981,4,2.6402857,2.232439
1981,5,-1.782,-0.40859755
1981,6,1.1534285,0.64817072
1981,7,0.60742856,0.092499998
1981,8,-0.55771427,0.24140243
1981,9,-1.074,0.35804877
1981,10,-0.69371427,-1.1676829
1981,11,1.1214285,1.8090853
1981,12,-1.4557143,0.72140242
1982,1,-1.524,-2.0279268
1982,2,-0.61457141,-0.77042681
1982,3,1.8434285,0.41341462
1982,4,-1.9082857,-1.1865244
1982,5,1.2402857,0.21878048
1982,6,-1.0157143,-1.2788414
1982,7,0.18857142,-0.31493902
1982,8,-0.31914285,0.11810975
1982,9,-0.95857141,-0.27390243
1982,10,0.069714284,-0.64274389
1982,11,0.96657141,-0.63006096
1982,12,3.1754285,1.1561585
1983,1,0.069714284,2.4574999
1983,2,0.57057142,1.9512195
1983,3,-0.23914285,1.2031707
1983,4,-3.1908571,-1.9175609
1983,5,-1.3557143,-1.217439
1983,6,-0.94028569,-0.68628047
1983,7,0.74485713,0.12695122
1983,8,1.9331428,1.7326219
1983,9,-0.24085714,0.6594512
1983,10,0.63914284,0.37603658
1983,11,0.71857141,0.70158535
1983,12,-4.7214285,-4.1764023
1984,1,-1.954,-0.14304878
1984,2,1.8322857,1.9710365
1984,3,-1.172,-0.31384146
1984,4,-1.1925714,-0.66054877
1984,5,-1.0968571,0.12969512
1984,6,0.66057141,-0.04609756
1984,7,-0.96742855,-0.065975608
1984,8,-0.18171428,0.87365852
1984,9,-1.1174285,-0.83249998
1984,10,2.3599999,-0.95603656
1984,11,-0.52885713,-0.00030487804
1984,12,4.3365713,-0.080914632
1985,1,-3.5122856,-1.4840853
1985,2,-1.8774285,-1.6847561
1985,3,2.5279999,1.1934756
1985,4,1.0948571,2.075
1985,5,0.32885714,1.2284756
1985,6,-0.27114285,-0.20292682
1985,7,-0.34828571,0.40286584
1985,8,-0.40685713,-0.56256096
1985,9,-0.38171428,-1.2710975
1985,10,1.8102857,-0.36743902
1985,11,3.0951428,-2.3301219
1985,12,-3.0497142,-2.3794512
1986,1,0.91999998,3.1458536
1986,2,1.988,0.8114634
1986,3,1.3222857,3.3030487
1986,4,0.68971427,1.1304878
1986,5,0.53771427,0.5257317
1986,6,1.0422857,1.064878
1986,7,1.5254285,-0.40079267
1986,8,-0.89485712,0.026646341
1986,9,1.3782857,-1.0414024
1986,10,0.41114285,-0.26109756
1986,11,0.74114284,-0.51548779
1986,12,-0.13028571,0.86487803
1987,1,-0.038571428,1.2262195
1987,2,1.4188571,2.0162804
1987,3,0.98999998,1.0289634
1987,4,-0.99171426,2.0568902
1987,5,2.1265714,1.492378
1987,6,0.57057142,1.1288414
1987,7,0.22114285,-0.24054878
1987,8,1.1882857,-0.34115853
1987,9,-0.19971428,0.40634145
1987,10,-2.7774285,-0.27914634
1987,11,1.4837143,1.1283536
1987,12,1.4965714,0.5587195
1988,1,-1.6194285,-0.87365852
1988,2,-1.0134285,0.021585365
1988,3,0.17571428,0.99036583
1988,4,-0.36428571,0.66981706
1988,5,-0.35314285,0.85731705
1988,6,0.26257142,1.5864024
1988,7,0.072571427,0.83536583
1988,8,1.138,0.94451217
1988,9,0.16057142,-0.13792683
1988,10,-2.4211428,0.28792682
1988,11,1.3128571,0.6459756
1988,12,0.33371428,0.041219511
1989,1,3.9894285,2.0429878
1989,2,-1.48,-2.9482316
1989,3,1.08,0.93914632
1989,4,-0.51314285,1.3637195
1989,5,-1.004,0.41499999
1989,6,-0.6722857,-0.080914632
1989,7,-0.62257141,0.59829267
1989,8,-0.41371428,-0.33731707
1989,9,-1.2571428,-0.14804878
1989,10,0.13428571,0.014634146
1989,11,0.7722857,0.4884756
1989,12,-5.3102856,-2.5793902
1990,1,4.2811428,3.6503658
1990,2,3.8779999,0.912439
1990,3,2.0088571,2.1779268
1990,4,-0.87257141,1.2744512
1990,5,-0.91857141,-0.70054876
1990,6,0.65742856,1.0042073
1990,7,-0.21828571,-0.12402439
1990,8,0.20942857,0.20487804
1990,9,1.0557143,1.5612805
1990,10,-0.40885713,-0.12945122
1990,11,2.4468571,1.5365853
1990,12,1.0882857,-1.9271341
1991,1,0.12542857,-0.2077439
1991,2,2.1791428,3.4699389
1991,3,1.9057142,1.229817
1991,4,1.4202857,0.72207315
1991,5,2.1522857,0.79030486
1991,6,0.70057141,0.29768292
1991,7,0.48685713,0.14371951
1991,8,-0.019428571,0.7417073
1991,9,-0.17542857,0.17945122
1991,10,0.77285713,0.1502439
1991,11,-1.6268571,-1.2794512
1991,12,1.9237142,1.2251829
1992,1,1.4091428,2.3846341
1992,2,3.0819999,3.1731097
1992,3,0.93999998,2.3685975
1992,4,-0.54599999,1.1767683
1992,5,-1.248,1.0419512
1992,6,-1.2854285,-0.42579267
1992,7,-0.19885714,-1.5951219
1992,8,-2.1711428,-0.91926827
1992,9,-0.65942856,0.071097559
1992,10,-0.51657142,0.25134146
1992,11,-0.45114285,-1.137561
1992,12,0.28857142,-1.0943902
1993,1,1.7605714,0.10701219
1993,2,-0.85314284,-1.8087195
1993,3,-1.2685714,0.85987803
1993,4,-2.2442857,-0.23439024
1993,5,-0.64942856,0.70097559
1993,6,0.04742857,-0.88158535
1993,7,1.3228571,-1.2886585
1993,8,0.96628569,-0.25030487
1993,9,-0.77542855,-0.82609754
1993,10,-0.95685712,-0.70079267
1993,11,-1.1431428,-1.5230487
1993,12,-0.10314285,0.61890243
1994,1,-1.6131428,0.012439024
1994,2,0.57999999,-1.6001829
1994,3,0.81142855,2.2562195
1994,4,0.70571427,0.98365851
1994,5,-1.3457143,0.68658535
1994,6,1.0154285,1.4537805
1994,7,-0.79885713,0.19664634
1994,8,-1.0785714,0.40475609
1994,9,-1.168,0.84640242
1994,10,0.37999999,-0.11841463
1994,11,2.6537142,-0.19945122
1994,12,1.9562857,1.5309756
1995,1,1.0077143,2.0151219
1995,2,0.45542856,2.142317
1995,3,1.8268571,1.2761585
1995,4,-0.27685714,-1.0232317
1995,5,-0.088285712,-0.99542681
1995,6,-0.62142856,-0.42067072
1995,7,0.37057142,-0.08317073
1995,8,1.8928571,1.2141463
1995,9,-0.85857141,0.13451219
1995,10,0.34399999,0.029999999
1995,11,-1.6625714,0.42951219
1995,12,-0.88514284,0.26006097
1996,1,-0.23171428,-0.0049390243
1996,2,0.58457142,0.96737803
1996,3,-2.3491428,-0.67341462
1996,4,-1.5857143,0.082499998
1996,5,1.3308571,0.16439024
1996,6,0.020285714,0.92646339
1996,7,-0.47599999,0.12621951
1996,8,-0.49142856,0.46798779
1996,9,-1.1782857,-0.58335365
1996,10,-0.083714284,-0.40859755
1996,11,-1.3905714,-1.2271341
1996,12,1.2811428,0.13195122
1997,1,0.11142857,0.11201219
1997,2,2.1108571,0.87457315
1997,3,2.7257142,1.8754878
1997,4,-2.6179999,-1.4854878
1997,5,-1.9577142,-0.08817073
1997,6,-1.086,0.16987804
1997,7,0.31885714,-0.34920731
1997,8,-0.78314284,0.022804878
1997,9,0.18514285,1.0632317
1997,10,-0.051714285,-0.24506097
1997,11,-1.5651428,-0.3334756
1997,12,-0.37599999,0.62237803
1998,1,3.1868571,2.834878
1998,2,2.4305714,2.7046951
1998,3,-0.27114285,0.42756097
1998,4,-0.73057141,0.27128048
1998,5,2.084,1.1404268
1998,6,1.5268571,-0.62591462
1998,7,1.1265714,1.0120731
1998,8,0.77942855,1.2515244
1998,9,2.3068571,2.3628658
1998,10,1.4857143,0.21158536
1998,11,2.2959999,1.5170122
1998,12,1.9602857,1.1181707
1999,1,2.3657142,2.1256097
1999,2,3.3919999,2.9313414
1999,3,-0.84114284,1.4441463
1999,4,1.548,0.011280488
1999,5,-0.14914285,-0.0029878048
1999,6,0.12371428,-0.12085366
1999,7,0.94914284,0.34774389
1999,8,0.97628569,0.38341463
1999,9,-0.50799999,-0.1327439
1999,10,0.091428569,0.34579268
1999,11,2.8611428,3.6340853
1999,12,0.87657141,1.7418902
2000,1,1.4717143,2.1593902
2000,2,3.4565714,3.1270731
2000,3,2.6537142,2.8987804
2000,4,-1.1162857,1.3346951
2000,5,1.536,1.6191463
2000,6,-0.047999999,0.38292682
2000,7,0.038857142,0.14195122
2000,8,1.3117143,1.1179268
2000,9,0.036571428,0.51865852
2000,10,1.0974285,0.3079878
2000,11,-1.0925714,-2.317317
2000,12,-5.124857,-2.1310975
2001,1,-0.75457141,1.3121341
2001,2,2.116,-0.51018292
2001,3,-1.5388571,0.74634145
2001,4,1.8485714,0.99176827
2001,5,0.54057142,1.697378
2001,6,-0.55257142,0.62439023
2001,7,0.31057142,0.5112195
2001,8,0.52057142,1.4937195
2001,9,-1.1051428,0.89591461
2001,10,-0.97942855,0.29170731
2001,11,3.2328571,3.0266463
2001,12,2.4254285,1.4076219
2002,1,2.4402857,2.6677438
2002,2,0.40714285,1.5935975
2002,3,-0.26457142,-0.7919512
2002,4,1.5537143,1.3003658
2002,5,-0.77885713,-0.4662195
2002,6,0.51542856,1.5176829
2002,7,0.67057141,1.4531707
2002,8,0.6702857,0.48756096
2002,9,1.5142857,1.1213414
2002,10,0.40628571,-1.802378
2002,11,-0.96114284,0.29219512
2002,12,0.047714285,1.2438414
2003,1,-1.534,2.4476829
2003,2,-0.79657141,-0.70774389
2003,3,1.2514285,1.362439
2003,4,0.38228571,0.47030487
2003,5,0.37257142,0.42512194
2003,6,-1.2291428,-0.031585365
2003,7,-0.23371428,1.3580488
2003,8,0.79714284,1.6692683
2003,9,-1.0914285,0.41969511
2003,10,0.26457142,1.4645122
2003,11,2.5217142,-0.25475609
2003,12,-0.13714285,1.4564024
2004,1,0.46942856,0.24249999
2004,2,-0.67799998,-0.074268291
2004,3,2.6628571,3.8285975
2004,4,-0.24628571,1.2570731
2004,5,1.4722857,0.88012193
2004,6,-0.23999999,-0.21341463
2004,7,-0.79799998,-0.27987804
2004,8,-1.708,-0.83884144
2004,9,0.16171428,0.60951218
2004,10,2.1877142,0.19469512
2004,11,2.4085714,0.89878047
2004,12,-0.23428571,1.2870731
2005,1,2.9125714,1.7733536
2005,2,2.4657142,2.0993902
2005,3,-0.38885713,1.047439
2005,4,-0.196,0.95884144
2005,5,-1.0062857,-0.16804878
2005,6,0.59285713,0.3787195
2005,7,0.38457142,1.075
2005,8,1.2825714,0.60109755
2005,9,1.9357142,1.3287805
2005,10,0.40085713,0.65506096
2005,11,1.88,1.662378
2005,12,-1.5128571,-0.042682926
2006,1,5.0754285,5.052195
2006,2,-0.27942857,0.60445121
2006,3,1.2371428,0.83378047
2006,4,2.5662857,2.2687804
2006,5,-0.019142857,1.4206707
2006,6,0.13742857,1.5052439
2006,7,0.67257141,1.7839024
2006,8,1.5908571,0.60060974
2006,9,-1.244,-0.69378047
2006,10,-0.85257141,-0.97140242
2006,11,0.72914284,1.3462805
2006,12,1.9845714,1.8871341
2007,1,1.6008571,0.76853657
2007,2,-1.7854285,-0.72469511
2007,3,4.1091428,3.6364633
2007,4,-1.6094285,0.087926827
2007,5,1.0934285,1.3064024
2007,6,0.5722857,0.84701218
2007,7,-0.84571427,0.95615852
2007,8,2.6782857,1.2225
2007,9,1.2654285,0.85213413
2007,10,2.0185714,1.1653049
2007,11,0.73342856,1.2577439
2007,12,1.712,-0.53439023
2008,1,0.24857142,0.2609756
2008,2,0.62514284,0.24792682
2008,3,0.42199999,0.4407317
2008,4,-0.62799999,-0.28121951
2008,5,-0.58342856,-0.44762194
2008,6,0.93142855,0.51792682
2008,7,0.0065714284,0.33182926
2008,8,-0.47542856,0.31195121
2008,9,-0.081142855,0.37682926
2008,10,-0.5482857,-0.049999999
2008,11,-0.66885713,1.5407317
2008,12,0.27371428,-1.0510366
2009,1,-0.095142855,0.85621949
2009,2,1.6417142,1.4825
2009,3,1.5088571,1.0064634
2009,4,-0.66514284,0.11091463
2009,5,0.094571426,0.9646951
2009,6,1.2177143,-0.28359755
2009,7,-1.2774285,-0.43902438
2009,8,-0.69457141,0.066524389
2009,9,-0.122,1.1232317
2009,10,-1.428,-2.3181707
2009,11,1.7925714,2.3465243
2009,12,-1.3477143,-2.0771341
2010,1,-1.6802857,1.1144512
2010,2,-3.2988571,-0.61756096
2010,3,-0.28285714,1.9940243
2010,4,1.4662857,1.2426829
2010,5,1.3854285,-0.47829267
2010,6,2.4211428,0.75865852
2010,7,1.192,0.5237195
2010,8,2.1165714,0.93146339
2010,9,1.0734285,0.94384144
2010,10,0.67942856,1.0861585
2010,11,1.092,0.058414633
2010,12,-2.7971428,0.088231705
2011,1,-1.202,0.27109755
2011,2,0.93714284,-0.81664632
2011,3,1.5074285,1.0930488
2011,4,1.4625714,0.2407317
2011,5,-0.21142857,-0.70475608
2011,6,2.0885714,0.35152438
2011,7,2.0505714,1.24
2011,8,1.7845714,1.6182317
2011,9,-0.89342855,1.1396341
2011,10,-0.57742856,0.69774389
2011,11,1.7828571,0.89737803
2011,12,1.6031428,1.2056097
2012,1,3.4911428,3.5539633
2012,2,2.7448571,1.7651829
2012,3,6.5091427,5.0426218
2012,4,1.3674285,2.1702439
2012,5,2.2722857,1.7592073
2012,6,0.45057142,1.307317
2012,7,1.9368571,1.7580487
2012,8,0.112,1.2427439
2012,9,-0.20885714,1.1105488
2012,10,-0.76571427,-0.095121949
2012,11,-0.26657142,1.5281097
2012,12,2.7482857,1.2328658
2013,1,2.7231428,1.1261585
2013,2,0.56485713,0.35292682
2013,3,-2.3788571,0.56664633
2013,4,-0.95628569,-0.68506096
2013,5,-0.64142856,0.6817073
2013,6,0.4682857,1.1571951
2013,7,-0.99057141,0.67597559
2013,8,-0.30514285,0.77414632
2013,9,0.97885712,1.2537805
2013,10,0.36314285,-0.6434756
2013,11,-1.1648571,0.12207317
2013,12,-0.27371428,-1.4097561
2014,1,-2.6008571,1.1457927
2014,2,-1.5242857,-0.85408535
2014,3,-1.7374285,0.10597561
2014,4,-0.204,0.48390243
2014,5,0.14342857,0.76213413
2014,6,0.55314284,0.5867073
2014,7,-1.7728571,0.1525
2014,8,0.14057143,0.15664634
2014,9,0.22457142,0.9071951
2014,10,0.88685712,1.5510366
2014,11,-2.7482857,-1.1119512
2014,12,1.6402857,2.0001219
2015,1,0.10714285,2.302256
2015,2,-3.7222856,0.075182925
2015,3,0.7662857,2.8684755
2015,4,1.2448571,1.2150609
2015,5,0.79999998,0.35932926
2015,6,0.96885712,1.7859146
2015,7,0.6782857,0.058109755
2015,8,-0.35457142,0.72432925
2015,9,0.97285712,2.3942073
2015,10,0.91457141,1.8076219
2015,11,2.9379999,1.1965853
2015,12,5.3559999,2.4834146
2016,1,0.16485714,1.7236585
2016,2,1.8982857,3.2935975
2016,3,3.3739999,3.6770731
2016,4,0.66685713,1.347317
2016,5,-0.52771427,0.30689024
2016,6,1.5265714,1.9389024
2016,7,1.07,0.85304876
2016,8,1.1485714,0.87536583
2016,9,2.0291428,1.1975609
2016,10,2.8651428,1.6820731
2016,11,2.9245714,3.4995731
2016,12,0.8322857,-0.44957316
2017,1,4.3057142,1.6456097
2017,2,5.4117142,3.6607316
2017,3,2.4137142,2.9732316
2017,4,2.0694285,1.4406097
2017,5,-0.176,0.33908536
2017,6,-0.18971428,1.3284146
2017,7,0.47914285,1.3060975
2017,8,-0.76142855,0.20975609
2017,9,0.23942857,1.0153049
2017,10,1.2937143,0.71109755
2017,11,1.58,1.7715853
2017,12,0.12342857,0.69481706
2018,1,-1.4314285,2.097439
2018,2,3.7551428,0.23865853
2018,3,0.64599999,1.119939
2018,4,-2.8097142,-0.72756096
2018,5,3.2162856,2.9561585
2018,6,1.804,1.669939
2018,7,0.54571427,1.1889024
2018,8,0.33885714,1.0109756
2018,9,2.168,1.4490244
2018,10,1.1851428,-0.6639634
2018,11,-1.9282857,-0.80378047
2018,12,1.4462857,1.2039634
2019,1,1.1457143,1.6206097
2019,2,2.6059999,-2.0080487
2019,3,-0.51457142,-0.25329268
2019,4,0.28799999,1.2150609
2019,5,1.4174285,-0.74329267
2019,6,0.037999999,0.1552439
2019,7,0.26085714,0.66085364
2019,8,0.61199999,1.0345122
2019,9,3.3634285,1.7170731
2019,10,0.91714284,-1.7309756
2019,11,-1.6517142,-0.083780486
2019,12,2.4725714,1.6065244
2020,1,3.3571428,3.2044511
2020,2,1.5237143,1.1132317
2020,3,3.9594285,2.6065243
2020,4,-0.96885712,0.11829268
2020,5,-0.97085712,0.70268291
2020,6,0.38542856,1.1541463
2020,7,0.91399998,1.2006707
2020,8,0.04342857,1.8241463
2020,9,-0.18142857,0.87414632
2020,10,0.27342857,-0.056219511
2020,11,2.8017142,2.3493292
2020,12,0.33285714,1.6320731
2021,1,1.7342857,2.922378
2021,2,-2.4179999,-1.7089024
2021,3,2.8705714,2.5131707
2021,4,-0.89971427,0.7671951
2021,5,-0.94742855,0.34719511
2021,6,0.46971428,2.7018902
2021,7,-0.27485714,1.2888414
2021,8,0.81942855,1.2234146
2021,9,0.53514285,1.9520122
2021,10,2.4228571,1.3307317
2021,11,-0.34657142,2.2375609
2021,12,5.9211427,2.8087194
2022,1,-0.15314285,0.9746951
2022,2,0.4582857,-0.28951219
2022,3,1.5397143,1.8400609
2022,4,-0.44342856,-0.19780487
2022,5,1.4831428,0.79926827
2022,6,1.424,1.2253658
2022,7,1.3905714,1.5972561
2022,8,0.36942856,1.7439634
2022,9,0.23571428,2.1915853
2022,10,-0.62342856,0.83780486
2022,11,0.7542857,-0.78914632
2022,12,0.74657141,-0.2452439
2023,1,4.430857,2.6196951
2023,2,4.288857,0.66817072
2023,3,1.6654285,-0.59640243
2023,4,0.034571428,0.21292682
2023,5,0.27114285,1.4995122
2023,6,0.051714285,0.33634146
2023,7,0.68742856,1.2110366
2023,8,1.3637143,1.2665853
2023,9,1.1014285,1.7777439
2023,10,1.1402857,0.99689022
2023,11,0.96971426,1.4453658
2023,12,2.5659999,3.9283536
